{"cameraMode":{"drawMode":0,"name":"Shaded","section":"Shading Mode"},"sceneLighting":false,"audioPlay":false,"sceneViewState":{"showFog":true,"showMaterialUpdate":false,"showSkybox":false,"showFlares":true,"showImageEffects":true,"showParticleSystems":true},"in2DMode":false,"pivot":{"x":0.5145695209503174,"y":0.0899219959974289,"z":0.8114941716194153},"rotation":{"x":0.0009203709196299315,"y":0.999066948890686,"z":-0.03298115357756615,"w":0.027879251167178155},"size":1.396343469619751,"orthographic":true}